Category,Section,Range,Color,Image
Vinyl,Gallery,Premium Micro,Arctic Oak,https://i.ibb.co/N2kX5s5T/Artic-oak1.jpg
Vinyl,Gallery,Premium Micro,Arctic Oak,https://i.ibb.co/x8CPw06W/Artic-oak2.jpg
Vinyl,Gallery,Premium Micro,Arctic Oak,https://i.ibb.co/xqjmMmPP/Artic-oak3.jpg
Vinyl,Gallery,Premium Micro,Arctic Oak,https://i.ibb.co/Q3jvXqgS/Artic-oak4.jpg
Vinyl,Gallery,Premium Micro,Arctic Oak,https://i.ibb.co/GQnGbSJY/Artic-oak5jpeg.jpg
Vinyl,Gallery,Premium Micro,Bleached Oak,https://i.ibb.co/C3QmVpWw/Bleached-oak2.jpg
Vinyl,Gallery,Premium Micro,Bleached Oak,https://i.ibb.co/cXCqx0cb/Bleached-oak1.jpg
Vinyl,Gallery,Premium Micro,Bleached Oak,https://i.ibb.co/WNwm0512/Bleached-oak3.jpg
Vinyl,Gallery,Premium Micro,Bleached Oak,https://i.ibb.co/SwYGmDRb/Bleached-oak4.jpg
Vinyl,Gallery,Premium Micro,Bleached Oak,https://i.ibb.co/WvTqQNhH/Bleached-oak5.jpg
Vinyl,Gallery,Premium Micro,Bleached Oak,https://i.ibb.co/MkPf4QqP/Bleached-oak12.jpg
Vinyl,Gallery,Premium Micro,Bleached Oak,https://i.ibb.co/84X9cBVc/Bleached-oak13.jpg
Vinyl,Gallery,Premium Micro,Bleached Oak,https://i.ibb.co/q3RH5z5j/Bleached-oak14.jpg
Vinyl,Gallery,Premium Micro,Bleached Oak,https://i.ibb.co/dJJd2193/Bleached-oak15.jpg
Vinyl,Gallery,Premium Micro,Canadian Oak,https://i.ibb.co/8LNTpDNc/Canadian-oak2.jpg
Vinyl,Gallery,Premium Micro,Canadian Oak,https://i.ibb.co/pvsxbS1v/Canadian-oak1.jpg
Vinyl,Gallery,Premium Micro,Canadian Oak,https://i.ibb.co/PspyzFhn/Canadian-oak4.jpg
Vinyl,Gallery,Premium Micro,Canadian Oak,https://i.ibb.co/5hnjsVr1/Canadian-oak3.jpg
Vinyl,Gallery,Premium Micro,Canadian Oak,https://i.ibb.co/WSNXg7C/Canadian-oak5.jpg
Vinyl,Gallery,Premium Micro,Canadian Oak,https://i.ibb.co/8nqvhKS0/Canadian-oak6.jpg
Vinyl,Gallery,Premium Micro,Canadian Oak,https://i.ibb.co/qhXyCQf/Canadian-oak7.jpg
Vinyl,Gallery,Premium Micro,Canadian Oak,https://i.ibb.co/chnJVh4S/Canadian-oak8.jpg
Vinyl,Gallery,Premium Micro,Canadian Oak,https://i.ibb.co/4wggD6zF/Canadian-oak9.jpg
Vinyl,Gallery,Premium Micro,Canadian Oak,https://i.ibb.co/HThRLzp7/Canadian-oak10.jpg
Vinyl,Gallery,Premium Micro,Canadian Oak,https://i.ibb.co/NggY6jkq/Canadian-oak11.jpg
Vinyl,Gallery,Premium Micro,Canadian Oak,https://i.ibb.co/tPmB4nM6/Canadian-oak12.jpg
Vinyl,Gallery,Premium Micro,Canadian Oak,https://i.ibb.co/ymPZkjgQ/Canadian-oak13.jpg
Vinyl,Gallery,Premium Micro,Canadian Oak,https://i.ibb.co/6RgvYJxg/Canadian-oak14.jpg
Vinyl,Gallery,Premium Micro,Canadian Oak,https://i.ibb.co/d4NTmHtK/Canadian-oak15.jpg
Vinyl,Gallery,Premium Micro,Brazilian Oak,https://i.ibb.co/CSgq4fY/Brazilian-oak1.jpg
Vinyl,Gallery,Premium Micro,Brazilian Oak,https://i.ibb.co/PvH1K9Zv/Brazilian-oak2.jpg
Vinyl,Gallery,Premium Micro,Brazilian Oak,https://i.ibb.co/PGPP3JR9/Brazilian-oak3.jpg
Vinyl,Gallery,Premium Micro,Brazilian Oak,https://i.ibb.co/vyWB1CJ/Brazilian-oak4.jpg
Vinyl,Gallery,Premium Micro,Brazilian Oak,https://i.ibb.co/5gX1kfTG/Brazilian-oak5.jpg
Vinyl,Gallery,Premium Micro,Brazilian Oak,https://i.ibb.co/8S5shJ0/Brazilian-oak6.jpg
Vinyl,Gallery,Premium Micro,Brazilian Oak,https://i.ibb.co/spNL4bzf/Brazilian-oak7.jpg
Vinyl,Gallery,Premium Micro,Brazilian Oak,https://i.ibb.co/ymh5kc0q/Brazilian-oak8.jpg
Vinyl,Gallery,Premium Micro,Brazilian Oak,https://i.ibb.co/KcLwqNPK/Brazilian-oak9.jpg
Vinyl,Gallery,Premium Micro,Brazilian Oak,https://i.ibb.co/LD9qwsQb/Brazilian-oak12.jpg
Vinyl,Gallery,Premium Micro,Brazilian Oak,https://i.ibb.co/p6YMFrQ4/Brazilian-oak13.jpg
Vinyl,Gallery,Premium Micro,Brazilian Oak,https://i.ibb.co/2Y6DMC7J/Brazilian-oak14.jpg
Vinyl,Gallery,Premium Micro,Brazilian Oak,https://i.ibb.co/2Yyh25Yn/Brazilian-oak15.jpg
Vinyl,Gallery,Premium Micro,Brazilian Oak,https://i.ibb.co/tpkDCD34/Brazilian-oak16.jpg
Vinyl,Gallery,Premium Micro,Brazilian Oak,https://i.ibb.co/0R6P9n9T/Brazilian-oak17.jpg
Vinyl,Gallery,Premium Micro,Brazilian Oak,https://i.ibb.co/VY4g5t6C/Brazilian-oak18.jpg
Vinyl,Gallery,Premium Micro,Brazilian Oak,https://i.ibb.co/bgW70SR3/Brazilian-oak19.jpg
Vinyl,Gallery,Premium Micro,French Oak,https://i.ibb.co/Fkfx12cw/French-oak2.jpg
Vinyl,Gallery,Premium Micro,French Oak,https://i.ibb.co/20RgDF8K/French-oak1.jpg
Vinyl,Gallery,Premium Micro,French Oak,https://i.ibb.co/gMc5s7RX/French-oak3.jpg
Vinyl,Gallery,Premium Micro,French Oak,https://i.ibb.co/jvVGrFyf/French-oak4.jpg
Vinyl,Gallery,Premium Micro,French Oak,https://i.ibb.co/hJGFCjQq/French-oak5.jpg
Vinyl,Gallery,Premium Micro,Italian Oak,https://i.ibb.co/JRkzv4mx/Italian-oak1.jpg
Vinyl,Gallery,Premium Micro,Italian Oak,https://i.ibb.co/pjSfn9Zh/Italian-oak2.jpg
Vinyl,Gallery,Premium Micro,Italian Oak,https://i.ibb.co/27sz6HCv/Italian-oak3.jpg
Vinyl,Gallery,Premium Micro,Italian Oak,https://i.ibb.co/Zbjm2DV/Italian-oak4.jpg
Vinyl,Gallery,Premium Micro,Italian Oak,https://i.ibb.co/zVXxzC8G/Italian-oak5.jpg
Vinyl,Gallery,Premium Micro,Italian Oak,https://i.ibb.co/CKnBpdbC/Italian-oak6.jpg
Vinyl,Gallery,Premium Micro,Italian Oak,https://i.ibb.co/rKWGcdpY/Italian-oak8.jpg
Vinyl,Gallery,Premium Micro,Italian Oak,https://i.ibb.co/gFrwmjY6/Missing-Images.jpg
Vinyl,Gallery,Premium Micro,Spanish Oak,https://i.ibb.co/6JLcpc7H/Spanish-oak2.jpg
Vinyl,Gallery,Premium Micro,Spanish Oak,https://i.ibb.co/1GhcT4jT/Spanish-oak1.jpg
Vinyl,Gallery,Premium Micro,Spanish Oak,https://i.ibb.co/Tyd0x1b/Spanish-oak3.jpg
Vinyl,Gallery,Premium Micro,Spanish Oak,https://i.ibb.co/pr5dPFgX/Spanish-oak4.jpg
Vinyl,Gallery,Premium Micro,Spanish Oak,https://i.ibb.co/LXNCtNzY/Spanish-oak5.jpg
Vinyl,Gallery,Premium Micro,Spanish Oak,https://i.ibb.co/FbjsdKjk/Spanish-oak6.jpg
Vinyl,Gallery,Premium Micro,Spanish Oak,https://i.ibb.co/yC2QNXb/Spanish-oak7.jpg
Vinyl,Gallery,Premium Micro,Spanish Oak,https://i.ibb.co/vCkpLMxk/Spanish-oak8.jpg
Vinyl,Gallery,Premium Micro,Spanish Oak,https://i.ibb.co/8Dm39jJG/Spanish-oak9.jpg
Vinyl,Gallery,Premium Micro,Spanish Oak,https://i.ibb.co/SWDLNrv/Spanish-oak10.jpg
Vinyl,Gallery,Premium Micro,Spanish Oak,https://i.ibb.co/7xL6Cq5k/Spanish-oak11.jpg
Vinyl,Gallery,Premium Micro,Spanish Oak,https://i.ibb.co/zTL4jdGY/Spanish-oak12.jpg
Vinyl,Gallery,Premium Micro,Spanish Oak,https://i.ibb.co/JRQpkHcg/Spanish-oak13.jpg
Vinyl,Gallery,Premium Micro,Spanish Oak,https://i.ibb.co/TD2XkMqT/Spanish-oak15.jpg
Vinyl,Gallery,Premium Micro,Spanish Oak,https://i.ibb.co/rGgJcWt6/Spanish-oak14.jpg
Vinyl,Gallery,Premium Micro,Spanish Oak,https://i.ibb.co/67HpwqRs/Spanish-oak16.jpg
Vinyl,Gallery,Premium Micro,Spanish Oak,https://i.ibb.co/sh6SS7H/Spanish-oak17.jpg
Vinyl,Gallery,Premium Micro,Swiss Oak,https://i.ibb.co/Kppsyhkb/Swiss-oak1.jpg
Vinyl,Gallery,Premium Micro,Swiss Oak,https://i.ibb.co/xSzXsYPD/Swiss-oak2.jpg
Vinyl,Gallery,Premium Micro,Swiss Oak,https://i.ibb.co/Z17XTvw7/Swiss-oak3.jpg
Vinyl,Gallery,Premium Micro,Swiss Oak,https://i.ibb.co/20vhNK6c/Swiss-oak4.jpg
Vinyl,Gallery,Premium Micro,Swiss Oak,https://i.ibb.co/TMRfby3V/Swiss-oak5.jpg
Vinyl,Gallery,Premium Micro,Swiss Oak,https://i.ibb.co/67m1P3HW/Swiss-oak6.jpg
Vinyl,Gallery,Premium Micro,Swiss Oak,https://i.ibb.co/PsrFfXw4/Swiss-oak7.jpg
Vinyl,Gallery,Premium Micro,Swiss Oak,https://i.ibb.co/xKfq1V3x/Swiss-oak8.jpg
Vinyl,Gallery,Premium Painted,Bleached Oak,https://i.ibb.co/Tx1W0npk/Painted-Bleached-oak1.jpg
Vinyl,Gallery,Premium Painted,Bleached Oak,https://i.ibb.co/tPQfmgwm/Painted-Bleached-oak2.jpg
Vinyl,Gallery,Premium Painted,Bleached Oak,https://i.ibb.co/N62V9h4T/Painted-Bleached-oak3.jpg
Vinyl,Gallery,Premium Painted,Bleached Oak,https://i.ibb.co/bMP5Bkrv/Painted-Bleached-oak4.jpg
Vinyl,Gallery,Premium Painted,Brazilian Oak,https://i.ibb.co/1tYGpS9j/Painted-Brazilian-oak1.jpg
Vinyl,Gallery,Premium Painted,Brazilian Oak,https://i.ibb.co/pvK76X4h/Painted-Brazilian-oak2.jpg
Vinyl,Gallery,Premium Painted,Brazilian Oak,https://i.ibb.co/NQ2Dkkv/Painted-Brazilian-oak3.jpg
Vinyl,Gallery,Premium Painted,Brazilian Oak,https://i.ibb.co/7tbqYXW4/Painted-Brazilian-oak4.jpg
Vinyl,Gallery,Premium Painted,Brazilian Oak,https://i.ibb.co/jP761jgh/Painted-Brazilian-oak5.jpg
Vinyl,Gallery,Premium Painted,Brazilian Oak,https://i.ibb.co/tTRwq93s/Painted-Brazilian-oak6.jpg
Vinyl,Gallery,Premium Painted,Brazilian Oak,https://i.ibb.co/JwFgGFrH/Painted-Brazilian-oak7.jpg
Vinyl,Gallery,Premium Painted,Brazilian Oak,https://i.ibb.co/k2P0SYwM/Painted-Brazilian-oak8.jpg
Vinyl,Gallery,Premium Painted,Brazilian Oak,https://i.ibb.co/k2HJrt9m/Painted-Brazilian-oak9.jpg
Vinyl,Gallery,Premium Painted,Brazilian Oak,https://i.ibb.co/GQdFTM6R/Painted-Brazilian-oak10.jpg
Vinyl,Gallery,Premium Painted,Brazilian Oak,https://i.ibb.co/rKjrTHtp/Painted-Brazilian-oak11.jpg
Vinyl,Gallery,Premium Painted,Brazilian Oak,https://i.ibb.co/fb7ZHW4/Painted-Brazilian-oak12.jpg
Vinyl,Gallery,Premium Painted,Brazilian Oak,https://i.ibb.co/S4GBwKwX/Painted-Brazilian-oak13.jpg
Vinyl,Gallery,Premium Painted,Brazilian Oak,https://i.ibb.co/VYB0MB7w/Painted-Brazilian-oak14.jpg
Vinyl,Gallery,Premium Painted,Brazilian Oak,https://i.ibb.co/5g4NXNRM/Painted-Brazilian-oak15.jpg
Vinyl,Gallery,Premium Painted,Brazilian Oak,https://i.ibb.co/DD3kw7Ry/Painted-Brazilian-oak16.jpg
Vinyl,Gallery,Premium Painted,Canadian Oak,https://i.ibb.co/BKQ27ht6/Painted-Canadian-Oak1.jpg
Vinyl,Gallery,Premium Painted,Canadian Oak,https://i.ibb.co/QvYDq2ng/Painted-Canadian-Oak2.jpg
Vinyl,Gallery,Premium Painted,Italian Oak,https://i.ibb.co/WWk1rxZq/Painted-Italian-Oak2.jpg
Vinyl,Gallery,Premium Painted,Italian Oak,https://i.ibb.co/BV8YJ76w/Painted-Italian-Oak1.jpg
Vinyl,Gallery,Premium Painted,Italian Oak,https://i.ibb.co/jPp1DjB4/Painted-Italian-Oak3.jpg
Vinyl,Gallery,Premium Painted,Italian Oak,https://i.ibb.co/Mkzt8Rqk/Painted-Italian-Oak4.jpg
Vinyl,Gallery,Premium Painted,Italian Oak,https://i.ibb.co/Jw3wStQN/Painted-Italian-Oak5.jpg
Vinyl,Gallery,Premium Painted,Italian Oak,https://i.ibb.co/DPpZTVhZ/Painted-Italian-Oak6.jpg
Vinyl,Gallery,Premium Painted,Italian Oak,https://i.ibb.co/gFcFSHPt/Painted-Italian-Oak7.jpg
Vinyl,Gallery,Premium Painted,Italian Oak,https://i.ibb.co/d0w0rYzk/Painted-Italian-Oak8.jpg
Vinyl,Gallery,Premium Painted,Italian Oak,https://i.ibb.co/3998KPGV/Painted-Italian-Oak9.jpg
Vinyl,Gallery,Premium Painted,Italian Oak,https://i.ibb.co/tP1svK39/Painted-Italian-Oak10.jpg
Vinyl,Gallery,Premium Painted,Italian Oak,https://i.ibb.co/nqhZhYW0/Painted-Italian-Oak11.jpg
Vinyl,Gallery,Premium Painted,Italian Oak,https://i.ibb.co/dsQcBZPL/Painted-Italian-Oak12.jpg
Vinyl,Gallery,Premium Painted,Italian Oak,https://i.ibb.co/Cpsd1zhT/Painted-Italian-Oak13.jpg
Vinyl,Gallery,Premium Painted,Spanish Oak,https://i.ibb.co/BHNzTJMS/Painted-Spanish-Oak1.jpg
Vinyl,Gallery,Premium Painted,Swiss Oak,https://i.ibb.co/60S2Z4S0/Painted-Swiss-oak2.jpg
Vinyl,Gallery,Premium Painted,Swiss Oak,https://i.ibb.co/8LRGgwzM/Painted-Swiss-oak1.jpg
Vinyl,Gallery,Premium Painted,Swiss Oak,https://i.ibb.co/0phps5J1/Painted-Swiss-oak4.jpg
Vinyl,Gallery,Premium Painted,Swiss Oak,https://i.ibb.co/4nwkzkQZ/Painted-Swiss-oak3.jpg
Vinyl,Gallery,Premium Painted,Swiss Oak,https://i.ibb.co/8L5T5mQY/Painted-Painted-Swiss-oak5.jpg
Vinyl,Gallery,Premium Painted,Swiss Oak,https://i.ibb.co/35Ldd0Nm/Painted-Swiss-oak6.jpg
Vinyl,Gallery,Premium Painted,Swiss Oak,https://i.ibb.co/Q3NW8XcQ/Painted-Swiss-oak7.jpg
Vinyl,Gallery,Premium Painted,Swiss Oak,https://i.ibb.co/5hyN35JH/Painted-Swiss-oak8.jpg
Vinyl,Gallery,Premium Stair Treads,Bleached Oak,https://i.ibb.co/gFrwmjY6/Missing-Images.jpg
Vinyl,Gallery,Premium Stair Treads,Brazilian Oak,https://i.ibb.co/BHh7mcwm/Stair-Brazilian-oak2.jpg
Vinyl,Gallery,Premium Stair Treads,Brazilian Oak,https://i.ibb.co/fz5tqqvQ/Stair-Brazilian-oak1.jpg
Vinyl,Gallery,Premium Stair Treads,Brazilian Oak,https://i.ibb.co/7NWYsbkB/Stair-Brazilian-oak3.jpg
Vinyl,Gallery,Premium Stair Treads,Brazilian Oak,https://i.ibb.co/DDVg3Lx7/Stair-Brazilian-oak4.jpg
Vinyl,Gallery,Premium Stair Treads,Canadian Oak,https://i.ibb.co/gFrwmjY6/Missing-Images.jpg
Vinyl,Gallery,Premium Stair Treads,French Oak,https://i.ibb.co/gFrwmjY6/Missing-Images.jpg
Vinyl,Gallery,Premium Stair Treads,Italian Oak,https://i.ibb.co/gFrwmjY6/Missing-Images.jpg
Vinyl,Gallery,Premium Stair Treads,Spanish Oak,https://i.ibb.co/cSk1L6r4/Stair-Spanish-Oak1.jpg
Vinyl,Gallery,Premium Stair Treads,Spanish Oak,https://i.ibb.co/xt6jCNxZ/Stair-Spanish-Oak2.jpg
Vinyl,Gallery,Premium Stair Treads,Swiss Oak,https://i.ibb.co/9mpXgVt5/Swiss2.jpg
Vinyl,Gallery,Premium Stair Treads,Swiss Oak,https://i.ibb.co/20sTgHc5/Swiss4.jpg
Vinyl,Gallery,Premium Stair Treads,Swiss Oak,https://i.ibb.co/8DRTbWKn/Swiss3.jpg
Vinyl,Gallery,Premium Stair Treads,Swiss Oak,https://i.ibb.co/Swj9zC2y/Swiss5.jpg
Vinyl,Gallery,Premium Stair Treads,Swiss Oak,https://i.ibb.co/W4HyyZbN/Swiss6.jpg
Vinyl,Gallery,Premium Stair Treads,Swiss Oak,https://i.ibb.co/RkBjkmWD/Swiss7.jpg
Vinyl,Gallery,Premium Stair Treads,Swiss Oak,https://i.ibb.co/tPqj6rKz/Swiss8.jpg
Vinyl,Gallery,Premium Stair Treads,Swiss Oak,https://i.ibb.co/DHf4CsgV/Swiss10.jpg
Vinyl,Gallery,Premium Stair Treads,Swiss Oak,https://i.ibb.co/SXTt2MT0/Swiss11.jpg
Vinyl,Gallery,Premium Stair Treads,Swiss Oak,https://i.ibb.co/wZtNhxTh/Swiss12.jpg
Vinyl,Gallery,Premium Stair Treads,Swiss Oak,https://i.ibb.co/xSSVWQNg/Swiss13.jpg
Vinyl,Gallery,Premium Stair Treads,Swiss Oak,https://i.ibb.co/sJjsLHSD/Swiss15.jpg
Vinyl,Gallery,Premium Stair Treads,Swiss Oak,https://i.ibb.co/WNfcXvwJ/Swiss14.jpg
Vinyl,Gallery,Premium Stair Treads,Swiss Oak,https://i.ibb.co/4nPrMHGV/Swiss16.jpg
Vinyl,Gallery,Premium Stair Treads,Swiss Oak,https://i.ibb.co/84mPgnN9/Swiss17.jpg
Vinyl,Gallery,Premium Stair Treads,Swiss Oak,https://i.ibb.co/nszj8qWr/Swiss18.jpg
Vinyl,Gallery,Premium Stair Treads,Swiss Oak,https://i.ibb.co/5hFDqjfG/Swiss19.jpg
Vinyl,Gallery,Premium Stair Treads,Swiss Oak,https://i.ibb.co/xtNS7tYJ/Swiss20.jpg
Vinyl,Gallery,Premium Stair Treads,Swiss Oak,https://i.ibb.co/LzpyHKnt/Swiss21.jpg
Vinyl,Gallery,Premium Stair Treads,Swiss Oak,https://i.ibb.co/zWSKVdRz/Swiss22.jpg
Vinyl,Gallery,Premium Stair Treads,Swiss Oak,https://i.ibb.co/svYgsHKK/Swiss23.jpg
Vinyl,Gallery,Premium Stair Treads,Swiss Oak,https://i.ibb.co/27zZFCDM/Swiss24.jpg
Vinyl,Gallery,Premium Stair Treads,Swiss Oak,https://i.ibb.co/3mHySKGL/Swiss25.jpg
Vinyl,Gallery,Premium Stair Treads,Swiss Oak,https://i.ibb.co/Zp9RTwTP/Swiss26.jpg
Vinyl,Gallery,Premium Stair Treads,Swiss Oak,https://i.ibb.co/1V3B3F2/Swiss28.jpg
Vinyl,Gallery,Premium Stair Treads,Swiss Oak,https://i.ibb.co/1Jh62rHk/Swiss27.jpg
Vinyl,Gallery,Project,Birch Grey,https://i.ibb.co/xt5v4s57/Birch-grey2.jpg
Vinyl,Gallery,Project,Birch Grey,https://i.ibb.co/xKMPrDzx/Birch-grey1.jpg
Vinyl,Gallery,Project,Birch Grey,https://i.ibb.co/kgmXHsQr/Birch-grey3.jpg
Vinyl,Gallery,Project,Birch Grey,https://i.ibb.co/1Yvfns67/Birch-grey4.jpg
Vinyl,Gallery,Project,Birch Grey,https://i.ibb.co/57Hdw92/Birch-grey5.jpg
Vinyl,Gallery,Project,Birch Grey,https://i.ibb.co/NnZLCm6q/Birch-grey6.jpg
Vinyl,Gallery,Project,Birch Grey,https://i.ibb.co/mCS2sS6F/Birch-grey7.jpg
Vinyl,Gallery,Project,Birch Grey,https://i.ibb.co/zHPKRvGy/Birch-grey8.jpg
Vinyl,Gallery,Project,Birch Grey,https://i.ibb.co/ds935jpV/Birch-grey9.jpg
Vinyl,Gallery,Project,Birch Grey,https://i.ibb.co/GQtvYjFT/Birch-grey10.jpg
Vinyl,Gallery,Project,Birch Grey,https://i.ibb.co/tTZX9Ybm/Birch-grey11.jpg
Vinyl,Gallery,Project,Classic Oak,https://i.ibb.co/MxctjgHN/Classic-oak2.jpg
Vinyl,Gallery,Project,Classic Oak,https://i.ibb.co/v4v0s0Cz/Classic-oak1.jpg
Vinyl,Gallery,Project,Classic Oak,https://i.ibb.co/yFd3YYqp/Classic-oak3.jpg
Vinyl,Gallery,Project,Classic Oak,https://i.ibb.co/tMJCcFNG/Classic-oak4.jpg
Vinyl,Gallery,Project,Classic Oak,https://i.ibb.co/6CXrbFF/Classic-oak5.jpg
Vinyl,Gallery,Project,Classic Oak,https://i.ibb.co/84LJHHVx/Classic-oak6.jpg
Vinyl,Gallery,Project,Classic Oak,https://i.ibb.co/5h0kQ6s8/Classic-oak7.jpg
Vinyl,Gallery,Project,Classic Oak,https://i.ibb.co/ymQf6wGy/Classic-oak8.jpg
Vinyl,Gallery,Project,Classic Oak,https://i.ibb.co/D02HcR0/Classic-oak10.jpg
Vinyl,Gallery,Project,Classic Oak,https://i.ibb.co/nMw4S25P/Classic-oak9.jpg
Vinyl,Gallery,Project,Classic Oak,https://i.ibb.co/3yQ4xCVD/Classic-oak11.jpg
Vinyl,Gallery,Project,Classic Oak,https://i.ibb.co/Z6d1Y47b/Classic-oak12.jpg
Vinyl,Gallery,Project,Classic Oak,https://i.ibb.co/w8TM8dZ/Classic-oak13.jpg
Vinyl,Gallery,Project,Classic Oak,https://i.ibb.co/LhCxsY1H/Classic-oak14.jpg
Vinyl,Gallery,Project,Classic Oak,https://i.ibb.co/MyZ2hWNP/Classic-oak16.jpg
Vinyl,Gallery,Project,Classic Oak,https://i.ibb.co/9HHXyGDL/Classic-oak17.jpg
Vinyl,Gallery,Project,Danish Oak,https://i.ibb.co/7t0shDwR/Danish1.jpg
Vinyl,Gallery,Project,Engineered Oak,https://i.ibb.co/YB2x2BxK/Engineered-Oak1.jpg
Vinyl,Gallery,Project,Engineered Oak,https://i.ibb.co/vxrybnsB/Engineered-Oak2.jpg
Vinyl,Gallery,Project,Engineered Oak,https://i.ibb.co/GQtnswMd/Engineered-Oak3.jpg
Vinyl,Gallery,Project,Engineered Oak,https://i.ibb.co/Kz2FGtby/Engineered-Oak4.jpg
Vinyl,Gallery,Project,Engineered Oak,https://i.ibb.co/93btGMkR/Engineered-Oak5.jpg
Vinyl,Gallery,Project,Engineered Oak,https://i.ibb.co/F4rQ418n/Engineered-Oak6.jpg
Vinyl,Gallery,Project,Engineered Oak,https://i.ibb.co/WL7mXBJ/Engineered-Oak7.jpg
Vinyl,Gallery,Project,Engineered Oak,https://i.ibb.co/vMVs6yS/Engineered-Oak8.jpg
Vinyl,Gallery,Project,Natural Oak,https://i.ibb.co/8D92cRqp/Natural-Oak1.jpg
Vinyl,Gallery,Project,Natural Oak,https://i.ibb.co/Txc2pDV2/Natural-oak2.jpg
Vinyl,Gallery,Project,Natural Oak,https://i.ibb.co/Q7L0kjyh/Natural-Oak4.jpg
Vinyl,Gallery,Project,Natural Oak,https://i.ibb.co/RGRWwNLX/Natural-oak3.jpg
Vinyl,Gallery,Project,Oyster Grey,https://i.ibb.co/PZk8Jcdx/Oyster-grey2.jpg
Vinyl,Gallery,Project,Oyster Grey,https://i.ibb.co/Hf0L7yt4/Oyster-grey1.jpg
Vinyl,Gallery,Project,Smoked Oak,https://i.ibb.co/gFrwmjY6/Missing-Images.jpg
Vinyl,Gallery,Project,Swedish Oak,https://i.ibb.co/9HT28Wyg/Swedish-oak2.jpg
Vinyl,Gallery,Project,Swedish Oak,https://i.ibb.co/Y7LfGhzS/Swedish-oak1.jpg
Vinyl,Gallery,Project,Swedish Oak,https://i.ibb.co/4wngcrzZ/Swedish-oak3.jpg
Vinyl,Gallery,Project,Swedish Oak,https://i.ibb.co/1fFH5dJ9/Swedish-oak4.jpg
Vinyl,Gallery,Living,Aspen Oak,https://i.ibb.co/whBFR035/Aspen-oak1.jpg
Vinyl,Gallery,Living,Aspen Oak,https://i.ibb.co/1YpcH9kH/Aspen-oak2.jpg
Vinyl,Gallery,Living,Aspen Oak,https://i.ibb.co/4QtNQPc/Aspen-oak3.jpg
Vinyl,Gallery,Living,Beachwood,https://i.ibb.co/Ld1p1FgX/Beach-Wood.jpg
Vinyl,Gallery,Living,Cedar Oak,https://i.ibb.co/fdBsPNGz/Cedar-oak1.jpg
Vinyl,Gallery,Living,European Oak,https://i.ibb.co/DP6whFRW/Rustic-oak3.jpg
Vinyl,Gallery,Living,European Oak,https://i.ibb.co/TxM46YPC/Rustic-oak4.jpg
Vinyl,Gallery,Living,European Oak,https://i.ibb.co/Q0LsBDs/Rustic-oak5.jpg
Vinyl,Gallery,Living,European Oak,https://i.ibb.co/nqpD3MJp/Rustic-oak6.jpg
Vinyl,Gallery,Living,European Oak,https://i.ibb.co/LwcsVKv/Rustic-oak7.jpg
Vinyl,Gallery,Living,European Oak,https://i.ibb.co/vxF76Frc/Rustic-oak8.jpg
Vinyl,Gallery,Living,European Oak,https://i.ibb.co/ybNXX1H/Rustic-oak9.jpg
Vinyl,Gallery,Living,European Oak,https://i.ibb.co/SDT4hLn9/Rustic-oak10.jpg
Vinyl,Gallery,Living,European Oak,https://i.ibb.co/1tDKjg5W/Rustic-oak11.jpg
Vinyl,Gallery,Living,European Oak,https://i.ibb.co/yFdTp2zn/Rustic-oak12.jpg
Vinyl,Gallery,Living,European Oak,https://i.ibb.co/B5vdm66R/Rustic-oak13.jpg
Vinyl,Gallery,Living,European Oak,https://i.ibb.co/C3sL7MdC/Rustic-oak14.jpg
Vinyl,Gallery,Living,European Oak,https://i.ibb.co/9HMzG0mD/Rustic-oak15.jpg
Vinyl,Gallery,Living,European Oak,https://i.ibb.co/twXLgbQY/Rustic-oak16.jpg
Vinyl,Gallery,Living,European Oak,https://i.ibb.co/fVj2n25v/Rustic-oak17.jpg
Vinyl,Gallery,Living,European Oak,https://i.ibb.co/8gyLxJt1/Rustic-oak18.jpg
Vinyl,Gallery,Living,European Oak,https://i.ibb.co/Kp41vJGf/Rustic-oak19.jpg
Vinyl,Gallery,Living,European Oak,https://i.ibb.co/mCPdwk9X/Rustic-oak20.jpg
Vinyl,Gallery,Living,European Oak,https://i.ibb.co/jPkzVqH6/Rustic-oak21.jpg
Vinyl,Gallery,Living,Mist Grey,https://i.ibb.co/4ZvrbNJF/Mist-grey2.jpg
Vinyl,Gallery,Living,Mist Grey,https://i.ibb.co/BHH8fRfC/Mist-grey1.jpg
Vinyl,Gallery,Living,Mist Grey,https://i.ibb.co/5hrGWf4q/Mist-grey4.jpg
Vinyl,Gallery,Living,Mist Grey,https://i.ibb.co/MyJn2V8t/Mist-grey3.jpg
Vinyl,Gallery,Living,Rustic Oak,https://i.ibb.co/5qVj4TD/Rustic-oak.jpg
Vinyl,Gallery,Living,Rustic Oak,https://i.ibb.co/nq4bDNk0/Rustic-oak2.jpg
Vinyl,Gallery,Living,Tuscan Oak,https://i.ibb.co/gFrwmjY6/Missing-Images.jpg
Vinyl,Gallery,Lifestyle,Austrian Oak,https://i.ibb.co/gFrwmjY6/Missing-Images.jpg
Vinyl,Gallery,Lifestyle,Belgian Oak,https://i.ibb.co/pjy0Dt3G/Belgian-oak1.jpg
Vinyl,Gallery,Lifestyle,Croatian Oak,https://i.ibb.co/ksVNhbQ9/Croatian-oak1.jpg
Vinyl,Gallery,Lifestyle,Croatian Oak,https://i.ibb.co/Lhdq1Mpv/Croatian-oak2.jpg
Vinyl,Gallery,Lifestyle,Croatian Oak,https://i.ibb.co/BV8q4JQg/Croatian-oak3.jpg
Vinyl,Gallery,Lifestyle,Croatian Oak,https://i.ibb.co/60D7N8qQ/Croatian-oak4.jpg
Vinyl,Gallery,Lifestyle,Croatian Oak,https://i.ibb.co/CKrCRTVs/Croatian-oak5.jpg
Vinyl,Gallery,Lifestyle,Irish Oak,https://i.ibb.co/9m2t4RPv/Irish-oak1.jpg
Vinyl,Gallery,Lifestyle,Irish Oak,https://i.ibb.co/r2r3VNPz/Irish-oak2.jpg
Vinyl,Gallery,Lifestyle,Irish Oak,https://i.ibb.co/FkmxbRny/Irish-oak3.jpg
Vinyl,Gallery,Lifestyle,Moroccan Oak,https://i.ibb.co/HLSYcGYT/Moroccan-Oak1.jpg
Vinyl,Gallery,Lifestyle,Moroccan Oak,https://i.ibb.co/YTXkW08m/Moroccan-Oak2.jpg
Vinyl,Gallery,Lifestyle,Moroccan Oak,https://i.ibb.co/zTXgFdMQ/Moroccan-Oak3.jpg
Vinyl,Gallery,Lifestyle,Moroccan Oak,https://i.ibb.co/8LwvnCDC/Moroccan-Oak4.jpg
Vinyl,Gallery,Lifestyle,Serbian Oak,https://i.ibb.co/gFrwmjY6/Missing-Images.jpg
Vinyl,Gallery,Herringbone,Bleached Oak,https://i.ibb.co/sdm4QGyL/Bleached-oak-herringbone1.jpg
Vinyl,Gallery,Herringbone,Bleached Oak,https://i.ibb.co/Ps406t2P/Bleached-oak-herringbone2.jpg
Vinyl,Gallery,Herringbone,Bleached Oak,https://i.ibb.co/yc4NsWyc/Bleached-oak-herringbone3.jpg
Vinyl,Gallery,Herringbone,Bleached Oak,https://i.ibb.co/MxC59gGg/Bleached-oak-herringbone4.jpg
Vinyl,Gallery,Herringbone,Brazilian Oak,https://i.ibb.co/Rk9fKSPb/Brazialian-oak-Herringbone1.jpg
Vinyl,Gallery,Herringbone,Brazilian Oak,https://i.ibb.co/GQ2PCSYp/Brazialian-oak-Herringbone1-Original.jpg
Vinyl,Gallery,Herringbone,Brazilian Oak,https://i.ibb.co/RG2wZVXc/Brazialian-oak-Herringbone2.jpg
Vinyl,Gallery,Herringbone,Brazilian Oak,https://i.ibb.co/BK27HWST/Brazialian-oak-Herringbone3.jpg
Vinyl,Gallery,Herringbone,Brazilian Oak,https://i.ibb.co/bj5Qy9Hm/Brazialian-oak-Herringbone4.jpg
Vinyl,Gallery,Herringbone,Brazilian Oak,https://i.ibb.co/Q39TZ7Y8/Brazialian-oak-Herringbone5.jpg
Vinyl,Gallery,Herringbone,Brazilian Oak,https://i.ibb.co/h1fwyzC6/Brazialian-oak-Herringbone6.jpg
Vinyl,Gallery,Herringbone,Brazilian Oak,https://i.ibb.co/xKYYVzzC/Brazialian-oak-Herringbone12l.jpg
Vinyl,Gallery,Herringbone,Canadian Oak,https://i.ibb.co/DH9HjRxs/Canadian-oak-herringbone2.jpg
Vinyl,Gallery,Herringbone,Canadian Oak,https://i.ibb.co/F4cRYdyL/Canadian-oak-herringbone1.jpg
Vinyl,Gallery,Herringbone,Canadian Oak,https://i.ibb.co/ymNRCh67/Canadian-oak-herringbone4.jpg
Vinyl,Gallery,Herringbone,Canadian Oak,https://i.ibb.co/v4s6tVZv/Canadian-oak-herringbone5.jpg
Vinyl,Gallery,Herringbone,Canadian Oak,https://i.ibb.co/xq6pYBwL/Canadian-oak-herringbone6.jpg
Vinyl,Gallery,Herringbone,Canadian Oak,https://i.ibb.co/hJVW3YcH/Canadian-oak-herringbone7.jpg
Vinyl,Gallery,Herringbone,Canadian Oak,https://i.ibb.co/4wN2bSnd/Canadian-oak-herringbone8.jpg
Vinyl,Gallery,Herringbone,Canadian Oak,https://i.ibb.co/xSTxLC7p/Canadian-oak-herringbone9.jpg
Vinyl,Gallery,Herringbone,European Oak,https://i.ibb.co/8LfwVvM4/European-oak-herringbone1.jpg
Vinyl,Gallery,Herringbone,European Oak,https://i.ibb.co/cXpRjts6/European-oak-herringbone2.jpg
Vinyl,Gallery,Herringbone,European Oak,https://i.ibb.co/9H6d1YRJ/European-oak-herringbone3.jpg
Vinyl,Gallery,Herringbone,French Oak,https://i.ibb.co/mC9qHjb0/French-oak-herringbone2.jpg
Vinyl,Gallery,Herringbone,French Oak,https://i.ibb.co/8D5gwThG/French-oak-herringbone1.jpg
Vinyl,Gallery,Herringbone,French Oak,https://i.ibb.co/7JHDF0MF/French-oak-herringbone3.jpg
Vinyl,Gallery,Herringbone,French Oak,https://i.ibb.co/vxh0QY4q/French-oak-herringbone4.jpg
Vinyl,Gallery,Herringbone,French Oak,https://i.ibb.co/8gqX6P6Z/French-oak-herringbone6.jpg
Vinyl,Gallery,Herringbone,French Oak,https://i.ibb.co/tpLMdzCk/French-oak-herringbone5.jpg
Vinyl,Gallery,Herringbone,French Oak,https://i.ibb.co/xZzssDT/French-oak-herringbone7.jpg
Vinyl,Gallery,Herringbone,French Oak,https://i.ibb.co/4gmPF0v7/French-oak-herringbone8.jpg
Vinyl,Gallery,Herringbone,French Oak,https://i.ibb.co/SwZNHq6j/French-oak-herringbone9.jpg
Vinyl,Gallery,Herringbone,French Oak,https://i.ibb.co/QBxf5Qr/French-oak-herringbone12.jpg
Vinyl,Gallery,Herringbone,French Oak,https://i.ibb.co/7JnY5NZv/French-oak-herringbone11.jpg
Vinyl,Gallery,Herringbone,Italian Oak,https://i.ibb.co/C5zc3P8t/Italian-oak-herringbone1.jpg
Vinyl,Gallery,Herringbone,Italian Oak,https://i.ibb.co/3y5D7QM4/Italian-oak-herringbone2.jpg
Vinyl,Gallery,Herringbone,Italian Oak,https://i.ibb.co/JFvCqySh/Italian-oak-herringbone3.jpg
Vinyl,Gallery,Herringbone,Italian Oak,https://i.ibb.co/jk6XMsN3/Italian-oak-herringbone4.jpg
Vinyl,Gallery,Herringbone,Italian Oak,https://i.ibb.co/FqfVp859/Italian-oak-herringbone5.jpg
Vinyl,Gallery,Herringbone,Italian Oak,https://i.ibb.co/YF2f8GzC/Italian-oak-herringbone6.jpg
Vinyl,Gallery,Herringbone,Italian Oak,https://i.ibb.co/21pXRGYc/Italian-oak-herringbone7.jpg
Vinyl,Gallery,Herringbone,Italian Oak,https://i.ibb.co/VpbkDGtg/Italian-oak-herringbone8.jpg
Vinyl,Gallery,Herringbone,Italian Oak,https://i.ibb.co/gZZx10hy/Italian-oak-herringbone9.jpg
Vinyl,Gallery,SPC Click,Need Images,https://i.ibb.co/gZZx10hy/Italian-oak-herringbone9.jpg
Vinyl,Ebrochure,https://github.com/littleguy11/AspenAppData/blob/main/VinylEbrochure/Vinyl-EBrochure.pdf,,
Vinyl,Specs,https://github.com/littleguy11/AspenAppData/blob/main/VinylSpecsWarranty/Premium-Spec.pdf,,
Vinyl,Specs,https://github.com/littleguy11/AspenAppData/blob/main/VinylSpecsWarranty/Premium-Painted-Spec.pdf,,
Vinyl,Specs,https://github.com/littleguy11/AspenAppData/blob/main/VinylSpecsWarranty/Premium-Stair-Spec.pdf,,
Vinyl,Specs,https://github.com/littleguy11/AspenAppData/blob/main/VinylSpecsWarranty/Project-Spec.pdf,,
Vinyl,Specs,https://github.com/littleguy11/AspenAppData/blob/main/VinylSpecsWarranty/Living-Spec.pdf,,
Vinyl,Specs,https://github.com/littleguy11/AspenAppData/blob/main/VinylSpecsWarranty/Lifestyle-Specs.pdf,,
Vinyl,Specs,https://github.com/littleguy11/AspenAppData/blob/main/VinylSpecsWarranty/Herringbone-Spec.pdf,,
Vinyl,Specs,https://github.com/littleguy11/AspenAppData/blob/main/VinylSpecsWarranty/SPC-Spec.pdf,,
Vinyl,Warranty,https://github.com/littleguy11/AspenAppData/blob/main/VinylSpecsWarranty/Warranty.pdf,,
Vinyl,Glue Spec,https://github.com/littleguy11/AspenAppData/blob/main/VinylSpecsWarranty/Glue-Genkem.pdf,,
Vinyl,Glue Spec,https://github.com/littleguy11/AspenAppData/blob/main/VinylSpecsWarranty/Glue-Techem.pdf,,
Vinyl,Packing Info,https://github.com/littleguy11/AspenAppData/blob/main/VinylSpecsWarranty/Pack-Info.pdf,,
Wood,Gallery,Engineered Oak 260mm x 2200mm,Pure Oak,https://i.ibb.co/GwR0wyv/Pure-Oak2.jpg
Wood,Gallery,Engineered Oak 260mm x 2200mm,Pure Oak,https://i.ibb.co/n8NrcMMW/Pure-Oak1.jpg
Wood,Gallery,Engineered Oak 260mm x 2200mm,Pure Oak,https://i.ibb.co/3yW5KZdW/Pure-Oak3.jpg
Wood,Gallery,Engineered Oak 260mm x 2200mm,Pure Oak,https://i.ibb.co/vvcWw0Pt/Pure-Oak4.jpg
Wood,Gallery,Engineered Oak 260mm x 2200mm,Pure Oak,https://i.ibb.co/XZR8g5v4/Pure-Oak5.jpg
Wood,Gallery,Engineered Oak 260mm x 2200mm,Pure Oak,https://i.ibb.co/VprL2LMk/Pure-Oak6.jpg
Wood,Gallery,Engineered Oak 260mm x 2200mm,Pure Oak,https://i.ibb.co/1Yx3ThGC/Pure-Oak7.jpg
Wood,Gallery,Engineered Oak 260mm x 2200mm,Pure Oak,https://i.ibb.co/GvTzDTwD/Pure-Oak8.jpg
Wood,Gallery,Engineered Oak 260mm x 2200mm,Pure Oak,https://i.ibb.co/JF04VGLq/Pure-Oak9.jpg
Wood,Gallery,,,https://i.ibb.co/gFrwmjY6/Missing-Images.jpg
Wood,Gallery,,,https://i.ibb.co/gFrwmjY6/Missing-Images.jpg
Wood,Gallery,,,https://i.ibb.co/gFrwmjY6/Missing-Images.jpg
Wood,Gallery,,,https://i.ibb.co/gFrwmjY6/Missing-Images.jpg
Wood,Gallery,,,https://i.ibb.co/gFrwmjY6/Missing-Images.jpg
Wood,Gallery,,,https://i.ibb.co/gFrwmjY6/Missing-Images.jpg
Wood,Gallery,,,https://i.ibb.co/gFrwmjY6/Missing-Images.jpg
Wood,Gallery,,,https://i.ibb.co/gFrwmjY6/Missing-Images.jpg
Wood,Gallery,,,https://i.ibb.co/gFrwmjY6/Missing-Images.jpg
Wood,Gallery,,,https://i.ibb.co/gFrwmjY6/Missing-Images.jpg
Wood,Gallery,,,https://i.ibb.co/gFrwmjY6/Missing-Images.jpg
Wood,Gallery,,,
Wood,Gallery,,,
Wood,Gallery,Engineered Oak 190mm x 1900mm,,
Wood,Ebrochure,https://github.com/littleguy11/AspenAppData/blob/main/WoodEbrochure/Wood-Ebrochure.pdf,,
Wood,Specs,https://github.com/littleguy11/AspenAppData/blob/main/WoodSpecsWarranty/wood-spec.pdf,,
Wood ,Warranty,https://github.com/littleguy11/AspenAppData/blob/main/WoodSpecsWarranty/wood-warranty.pdf,,
Wood,Care,https://github.com/littleguy11/AspenAppData/blob/main/WoodSpecsWarranty/wood-care.pdf,,
DevMode,Test,https://github.com/littleguy11/AspenAppData/blob/main/WoodSpecsWarranty/wood-care.pdf,,
